{
  "version": "7",
  "dialect": "mysql",
  "entries": [
    {
      "idx": 0,
      "version": "5",
      "when": 1766607256558,
      "tag": "0000_silent_johnny_blaze",
      "breakpoints": true
    },
    {
      "idx": 1,
      "version": "5",
      "when": 1766607584328,
      "tag": "0001_luxuriant_excalibur",
      "breakpoints": true
    },
    {
      "idx": 2,
      "version": "5",
      "when": 1766608975897,
      "tag": "0002_thin_slyde",
      "breakpoints": true
    },
    {
      "idx": 3,
      "version": "5",
      "when": 1766612681091,
      "tag": "0003_peaceful_mandroid",
      "breakpoints": true
    }
  ]
}